<?xml version="1.0" encoding="UTF-8"?>
<SchematicTopology Version="2.5" Seed="1" Grid="25">
    <BasePath>C:\Users\Dennis\Documents\phased array\project\Model\DS</BasePath>
    <Block Id="1" ForeignId="424005588" Class="MWSSCHEM" ImageIndex="1">
        <Size Height="525" Width="300"/>
        <Pins Options="" Distribution="Custom">
            <Pin Index="0" Port="0" BlockPosition="Left">
                <Label>1</Label>
            </Pin>
            <Pin Index="5" Port="1" BlockPosition="Right">
                <Label>2</Label>
            </Pin>
            <Pin Index="1" Port="2" BlockPosition="Left">
                <Label>3</Label>
            </Pin>
            <Pin Index="4" Port="3" BlockPosition="Right">
                <Label>4</Label>
            </Pin>
            <Pin Index="2" Port="4" BlockPosition="Left">
                <Label>5</Label>
            </Pin>
            <Pin Index="3" Port="5" BlockPosition="Right">
                <Label>6</Label>
            </Pin>
            <Pin Index="3" Port="6" BlockPosition="Left">
                <Label>7</Label>
            </Pin>
            <Pin Index="2" Port="7" BlockPosition="Right">
                <Label>8</Label>
            </Pin>
            <Pin Index="4" Port="8" BlockPosition="Left">
                <Label>9</Label>
            </Pin>
            <Pin Index="1" Port="9" BlockPosition="Right">
                <Label>10</Label>
            </Pin>
            <Pin Index="5" Port="10" BlockPosition="Left">
                <Label>11</Label>
            </Pin>
            <Pin Index="0" Port="11" BlockPosition="Right">
                <Label>12</Label>
            </Pin>
            <Ports>
                <Port Name="1" Label=""/>
                <Port Name="2" Label=""/>
                <Port Name="3" Label=""/>
                <Port Name="4" Label=""/>
                <Port Name="5" Label=""/>
                <Port Name="6" Label=""/>
                <Port Name="7" Label=""/>
                <Port Name="8" Label=""/>
                <Port Name="9" Label=""/>
                <Port Name="10" Label=""/>
                <Port Name="11" Label=""/>
                <Port Name="12" Label=""/>
            </Ports>
        </Pins>
        <Image FileName="../3D/Model.dib" Scale="AutoFit">
            <Size Height="392" Width="512"/>
        </Image>
        <Pos X="100" Y="-12.5"/>
        <ToolTip>CST MICROWAVE STUDIO schematic block MWSSCHEM1</ToolTip>
    </Block>
</SchematicTopology>
