{
    "anchorpoints": [],
    "portpins": [
        {
            "name": "1",
            "position": [
                150.0,
                0.0,
                0.0
            ],
            "rotation": [
                0.0,
                1.0,
                0.0,
                0.0,
                0.0,
                1.0,
                1.0,
                0.0,
                0.0
            ]
        },
        {
            "name": "10",
            "position": [
                -1.0824674490095276e-13,
                0.0,
                149.99999999999986
            ],
            "rotation": [
                0.0,
                1.0,
                0.0,
                -1.0,
                0.0,
                -7.216449660063524e-16,
                -7.216449660063524e-16,
                0.0,
                1.0
            ]
        },
        {
            "name": "11",
            "position": [
                74.99999999999982,
                0.0,
                129.90381056766572
            ],
            "rotation": [
                0.0,
                1.0,
                0.0,
                -0.866025403784439,
                0.0,
                0.49999999999999933,
                0.49999999999999933,
                0.0,
                0.866025403784439
            ]
        },
        {
            "name": "12",
            "position": [
                129.90381056766557,
                0.0,
                75.00000000000001
            ],
            "rotation": [
                0.0,
                1.0,
                0.0,
                -0.5000000000000008,
                0.0,
                0.8660254037844383,
                0.8660254037844383,
                0.0,
                0.5000000000000008
            ]
        },
        {
            "name": "2",
            "position": [
                129.9038105676658,
                0.0,
                -74.99999999999999
            ],
            "rotation": [
                0.0,
                1.0,
                0.0,
                0.4999999999999999,
                -0.0,
                0.8660254037844386,
                0.8660254037844386,
                0.0,
                -0.4999999999999999
            ]
        },
        {
            "name": "3",
            "position": [
                75.0,
                0.0,
                -129.90381056766574
            ],
            "rotation": [
                0.0,
                1.0,
                0.0,
                0.8660254037844384,
                -0.0,
                0.5,
                0.5,
                0.0,
                -0.8660254037844384
            ]
        },
        {
            "name": "4",
            "position": [
                3.3306690738754696e-14,
                0.0,
                -149.99999999999994
            ],
            "rotation": [
                0.0,
                1.0,
                0.0,
                0.9999999999999996,
                -0.0,
                2.220446049250313e-16,
                2.220446049250313e-16,
                0.0,
                -0.9999999999999996
            ]
        },
        {
            "name": "5",
            "position": [
                -74.99999999999993,
                0.0,
                -129.90381056766574
            ],
            "rotation": [
                0.0,
                1.0,
                0.0,
                0.8660254037844384,
                0.0,
                -0.4999999999999995,
                -0.4999999999999995,
                0.0,
                -0.8660254037844384
            ]
        },
        {
            "name": "6",
            "position": [
                -129.9038105676657,
                0.0,
                -75.0
            ],
            "rotation": [
                0.0,
                1.0,
                0.0,
                0.5000000000000003,
                0.0,
                -0.8660254037844385,
                -0.8660254037844385,
                0.0,
                -0.5000000000000003
            ]
        },
        {
            "name": "7",
            "position": [
                -149.9999999999999,
                0.0,
                -6.661338147750939e-14
            ],
            "rotation": [
                0.0,
                1.0,
                0.0,
                4.440892098500629e-16,
                0.0,
                -1.0,
                -1.0,
                0.0,
                -4.440892098500629e-16
            ]
        },
        {
            "name": "8",
            "position": [
                -129.90381056766574,
                0.0,
                74.99999999999987
            ],
            "rotation": [
                0.0,
                1.0,
                0.0,
                -0.49999999999999956,
                0.0,
                -0.8660254037844389,
                -0.8660254037844389,
                0.0,
                0.49999999999999956
            ]
        },
        {
            "name": "9",
            "position": [
                -75.00000000000001,
                0.0,
                129.90381056766563
            ],
            "rotation": [
                0.0,
                1.0,
                0.0,
                -0.8660254037844384,
                0.0,
                -0.5000000000000006,
                -0.5000000000000006,
                0.0,
                0.8660254037844384
            ]
        }
    ],
    "version": 6
}