{
    "parameters": [
        {
            "descr": "total length of dipole",
            "expr": "68",
            "name": "L",
            "value": "68"
        },
        {
            "descr": "gap between dipole arms",
            "expr": "10",
            "name": "g",
            "value": "10"
        },
        {
            "descr": "radius arm (AWG 34)",
            "expr": "1.8",
            "name": "ra",
            "value": "1.8"
        },
        {
            "descr": "radius placement",
            "expr": "150",
            "name": "rp",
            "value": "150"
        },
        {
            "descr": "number of antennas",
            "expr": "12",
            "name": "n",
            "value": "12"
        },
        {
            "descr": "angle between antennas",
            "expr": "360/n",
            "name": "a",
            "value": "30"
        }
    ],
    "version": 1
}