{
    "parameters": [
        {
            "descr": "total length of dipole",
            "expr": "65.4",
            "name": "L",
            "value": "65.4"
        },
        {
            "descr": "gap between dipole arms",
            "expr": "10",
            "name": "g",
            "value": "10"
        },
        {
            "descr": "radius arm",
            "expr": "1.74",
            "name": "ra",
            "value": "1.74"
        },
        {
            "descr": "radius placement",
            "expr": "150",
            "name": "rp",
            "value": "150"
        },
        {
            "descr": "number of antennas",
            "expr": "12",
            "name": "n",
            "value": "12"
        },
        {
            "descr": "angle between antennas",
            "expr": "360/n",
            "name": "a",
            "value": "30"
        },
        {
            "descr": "radius boundary",
            "expr": "100",
            "name": "rb",
            "value": "100"
        }
    ],
    "version": 1
}