{
   "execution": {
      "classname": "SMAPowerByEmagHPCFrame",
      "libname": "SMAPowerByEmagUI"
   },
   "inputVariables": [
      {
         "name": "L",
         "type": "float",
         "value": 65.4
      },
      {
         "name": "g",
         "type": "float",
         "value": 10.0
      },
      {
         "name": "ra",
         "type": "float",
         "value": 1.74
      },
      {
         "name": "rp",
         "type": "float",
         "value": 150.0
      },
      {
         "name": "n",
         "type": "float",
         "value": 12.0
      },
      {
         "name": "rb",
         "type": "float",
         "value": 100.0
      }
   ],
   "outputVariables": [
      {
         "len": 1,
         "name": "3D\\e-field (f=433,y=0) (1)",
         "type": "float"
      },
      {
         "len": 1,
         "name": "3D\\e-field (f=433,y=0) (2)",
         "type": "float"
      },
      {
         "len": 1,
         "name": "3D\\e-field (f=433,y=0) (3)",
         "type": "float"
      },
      {
         "len": 1,
         "name": "3D\\e-field (f=433,y=0) (4)",
         "type": "float"
      },
      {
         "len": 1,
         "name": "3D\\e-field (f=433,y=0) (5)",
         "type": "float"
      },
      {
         "len": 1,
         "name": "3D\\e-field (f=433,y=0) (6)",
         "type": "float"
      },
      {
         "len": 1,
         "name": "3D\\e-field (f=433,y=0) (7)",
         "type": "float"
      },
      {
         "len": 1,
         "name": "3D\\e-field (f=433,y=0) (8)",
         "type": "float"
      },
      {
         "len": 1,
         "name": "3D\\e-field (f=433,y=0) (9)",
         "type": "float"
      },
      {
         "len": 1,
         "name": "3D\\e-field (f=433,y=0) (10)",
         "type": "float"
      },
      {
         "len": 1,
         "name": "3D\\e-field (f=433,y=0) (11)",
         "type": "float"
      },
      {
         "len": 1,
         "name": "3D\\e-field (f=433,y=0) (12)",
         "type": "float"
      }
   ]
}