{
   "execution": {
      "classname": "SMAPowerByEmagHPCFrame",
      "libname": "SMAPowerByEmagUI"
   },
   "inputVariables": [
      {
         "name": "L",
         "type": "float",
         "value": 65.4
      },
      {
         "name": "g",
         "type": "float",
         "value": 10.0
      },
      {
         "name": "ra",
         "type": "float",
         "value": 1.74
      },
      {
         "name": "rp",
         "type": "float",
         "value": 150.0
      },
      {
         "name": "n",
         "type": "float",
         "value": 12.0
      },
      {
         "name": "rb",
         "type": "float",
         "value": 100.0
      }
   ],
   "outputVariables": []
}